path,size,sha256
assets/shared/config/runtime-config.js,293,8a2bebfe7bf8ea823995ed430c3db6c1e2ebe44954cc15b54f911bb38fff428b
docs/index.html,2691,ef454f05fa4f0abad58f74bb4661e84f44693c2d28479c0177967d3e6a78baf3
game-tag-test/assets/js/tag-skill-runtime.js,12252,5022095ea8fcd11db2ad0b63267defa4cac285b7d6c448414cb1ac39e407acb6
game-tag-test/assets/js/validation-runtime.js,78200,73a5c673ecf5490190d76d3023ed83b3efb6d41386720f99770c26c9c8a4bf39
game-tag-test/index.html,88293,1dd2c6fa37e835c567bffb56c51f9faf8c4b687873f412aaed2b22a963491d7b
game-tag-test/sw.js,2270,7a60324046b6b74f2fe77a382025e0fd874c9fe5a769676d7f99e5da985b28e8
game/assets/js/app-runtime.js,102297,135f23ca9f4f443effb18115dbf7054de57bb2144f94bd674e96d920d9cccd81
game/assets/js/studio-skill-bridge.js,7825,7d2dbdabbbd0dd0290e848193cbc74455604d0b95a513f10cf50793451f66ae8
game/assets/js/tag-skill-runtime.js,21480,aa748e53041586c32ce22c1c52046b726fed6ef6aeaa8c86bb8464530b53b966
game/index.html,93230,3026b304ce684e6dc41536999ff24720119b87ed680f128772b36fe1e2124b22
game/sw.js,1425,89a48f195292caac237b80958e82daf7a01b621329add634f9486594372cced7
index.html,2972,ac4ea1d0669a5e09fe3097b7b85c9001dc13758ab7c190ee2311bcab66d3fd2f
project/phase7-js-split-step2/ADD.csv,590,b2b72544f6bb582a74c16e873143e87d43984b0ef2f3b03a27ea55d92111c152
project/phase7-js-split-step2/DELETE.csv,16,105c2eb7e8d4e360219b07ae6f83be956896a7fa09e9422e847b0a663f4980cf
project/phase7-js-split-step2/MODIFY.csv,667,a3deaf8c211733492e351532d24f75bd15c10cea1d66f51d761a7a0c339bac94
project/phase7-js-split-step2/README.md,532,48e8bdac59ad21be8192fcd2d2ea64330822d160c276aec9bf2071c5763e1541
project/phase7-js-split-step2/phase7-step2-summary.json,994,4db8d19d8512367e541b7c8ef97f3826e9e4ca97012a4af904274da4279f807d
project/phase7-js-split-step2/static-checks.json,1488,ebb89ebaf5ac54f02a3e32e279ad5348f70224e76043ce8793bdcafec7a2f642
project/phase7-js-split-step2/verification-checklist.md,510,149be71539909184ec146b237398f1ed7e9ce78f62c3b6df6ea2e3fa3107b10b
studio/index.html,643730,19107fd7e9997890ab58d6342596f7dbcab30f56350049b5687775504e7e88e5
studio/sw.js,2071,210b05d3981b25d67b9c23252944042a36e3fc89b152059841c30b9dbb46406b
sw.js,2065,29038f5dba64fd951c324c8a0edd1f18504db8c317d16bb70e34e9cfd5f6c8bd
